{
    "random_seed": 42,
    "batch_size": 2,
    "epochs": 100,
    "learning_rate": 0.0001,
    "steps_per_epoch": 129,
    "val_steps_per_epoch": 43,
    "final_train_loss": 0.7817018032073975,
    "final_val_loss": 0.8154683709144592,
    "final_train_accuracy": 0.9908459782600403,
    "final_val_accuracy": 0.9817538857460022,
    "final_iou_score": 0.8100110292434692,
    "final_val_iou_score": 0.6703277230262756
}